model,seed,test_macro_f1,test_accuracy,fit_s,predict_s_per_1000
Random forest,0,0.7101678317563295,0.719592570401438,4.445488452911377,0.02675202165698491
FNN,0,0.5589460849064911,0.5857799081286199,28.757598400115967,0.16953256141170428
Random forest,1,0.7093751350581363,0.719392850009986,2.820417642593384,0.01948494527400409
FNN,1,0.51144679237568,0.5554224086279209,14.2748281955719,0.09816707620988331
Random forest,2,0.7134348094257064,0.7219892150988616,2.6291654109954834,0.015758434788586018
FNN,2,0.578246651506669,0.6021569802276813,14.363881349563599,0.09576479593912761
Random forest,3,0.7127630029565787,0.7231875374475734,2.699796676635742,0.014009555704655084
FNN,3,0.5250247832652207,0.560814859197124,38.67335486412048,0.10263431755539802
Random forest,4,0.7052670469090652,0.7159976033553026,2.6635568141937256,0.01808667054356323
FNN,4,0.6051914338124453,0.6203315358498103,25.161991357803345,0.10421448942427866
