config,params,fit_seconds,val_macro_f1,val_accuracy,epochs
0,"{""units"": 128, ""n_layers"": 1, ""lr"": 0.003, ""l2"": 0.001, ""dropout"": 0.3, ""class_weight"": null, ""batch_size"": 512}",4.783297777175903,0.44818614810593366,0.44837227880966646,8
1,"{""units"": 128, ""n_layers"": 3, ""lr"": 0.003, ""l2"": 0.001, ""dropout"": 0.0, ""class_weight"": null, ""batch_size"": 512}",8.606664180755615,0.5021614494372474,0.5152786099460755,9
2,"{""units"": 128, ""n_layers"": 1, ""lr"": 0.003, ""l2"": 0.001, ""dropout"": 0.0, ""class_weight"": ""balanced"", ""batch_size"": 512}",4.781614542007446,0.5035003484049133,0.5276612742160974,12
3,"{""units"": 128, ""n_layers"": 3, ""lr"": 0.0003, ""l2"": 0.001, ""dropout"": 0.0, ""class_weight"": ""balanced"", ""batch_size"": 256}",9.727919578552246,0.4530912248366268,0.45356500898741764,9
4,"{""units"": 256, ""n_layers"": 2, ""lr"": 0.001, ""l2"": 0.001, ""dropout"": 0.3, ""class_weight"": null, ""batch_size"": 128}",17.424177169799805,0.49612490784754354,0.5230677052127022,11
5,"{""units"": 32, ""n_layers"": 1, ""lr"": 0.0003, ""l2"": 0.0, ""dropout"": 0.1, ""class_weight"": ""balanced"", ""batch_size"": 128}",10.702170848846436,0.42322930158210187,0.43319352905931696,12
6,"{""units"": 256, ""n_layers"": 3, ""lr"": 0.001, ""l2"": 0.0001, ""dropout"": 0.1, ""class_weight"": null, ""batch_size"": 512}",10.453421831130981,0.5215175161528189,0.5390453365288596,7
7,"{""units"": 128, ""n_layers"": 3, ""lr"": 0.001, ""l2"": 0.0001, ""dropout"": 0.3, ""class_weight"": ""balanced"", ""batch_size"": 128}",34.41052985191345,0.49917030232630677,0.5296584781306172,23
8,"{""units"": 256, ""n_layers"": 3, ""lr"": 0.0003, ""l2"": 0.001, ""dropout"": 0.1, ""class_weight"": ""balanced"", ""batch_size"": 512}",35.677162408828735,0.47944360259336866,0.48611943279408826,29
9,"{""units"": 64, ""n_layers"": 2, ""lr"": 0.001, ""l2"": 0.001, ""dropout"": 0.3, ""class_weight"": null, ""batch_size"": 128}",7.843596696853638,0.4769282761014631,0.49610545236668663,7
10,"{""units"": 256, ""n_layers"": 2, ""lr"": 0.0003, ""l2"": 0.0001, ""dropout"": 0.0, ""class_weight"": ""balanced"", ""batch_size"": 128}",11.702615737915039,0.38208545488954915,0.39484721390053923,7
11,"{""units"": 32, ""n_layers"": 1, ""lr"": 0.003, ""l2"": 0.001, ""dropout"": 0.3, ""class_weight"": null, ""batch_size"": 512}",3.6959309577941895,0.47104649762240175,0.5014979029358898,8
12,"{""units"": 256, ""n_layers"": 3, ""lr"": 0.003, ""l2"": 0.001, ""dropout"": 0.1, ""class_weight"": null, ""batch_size"": 512}",24.796224117279053,0.5331110689031301,0.5522268823646894,18
13,"{""units"": 256, ""n_layers"": 3, ""lr"": 0.003, ""l2"": 0.0, ""dropout"": 0.1, ""class_weight"": ""balanced"", ""batch_size"": 512}",11.900324821472168,0.45304697415921463,0.4529658478130617,8
14,"{""units"": 128, ""n_layers"": 1, ""lr"": 0.003, ""l2"": 0.0, ""dropout"": 0.1, ""class_weight"": ""balanced"", ""batch_size"": 256}",5.140995264053345,0.35894516477041877,0.37287797084082286,7
15,"{""units"": 256, ""n_layers"": 1, ""lr"": 0.0003, ""l2"": 0.0, ""dropout"": 0.1, ""class_weight"": ""balanced"", ""batch_size"": 512}",4.718746185302734,0.2618318912271507,0.31675654084282007,7
16,"{""units"": 64, ""n_layers"": 3, ""lr"": 0.003, ""l2"": 0.0001, ""dropout"": 0.0, ""class_weight"": null, ""batch_size"": 128}",8.381130456924438,0.4446929012207331,0.475534252047134,7
17,"{""units"": 32, ""n_layers"": 3, ""lr"": 0.001, ""l2"": 0.001, ""dropout"": 0.3, ""class_weight"": null, ""batch_size"": 512}",8.920302391052246,0.5154477179452653,0.542041142400639,19
18,"{""units"": 128, ""n_layers"": 2, ""lr"": 0.0003, ""l2"": 0.0, ""dropout"": 0.1, ""class_weight"": ""balanced"", ""batch_size"": 128}",20.993050575256348,0.46208348571626595,0.4681445975634112,19
19,"{""units"": 256, ""n_layers"": 1, ""lr"": 0.003, ""l2"": 0.0, ""dropout"": 0.1, ""class_weight"": null, ""batch_size"": 128}",7.614808797836304,0.47189365177776904,0.4719392850009986,7
