setting,val_macro_f1,change_vs_all
all groups,0.6245032121608471,0.0
without calendar,0.5055617833954952,-0.11894142876535196
without timetable,0.5546666601799006,-0.06983655198094652
without service,0.6257221746787933,0.001218962517946176
without network,0.6147066344781552,-0.009796577682691932
without weather,0.6393001081653273,0.014796896004480198
without infrastructure,0.6191981529249341,-0.005305059235913068
only calendar,0.3547481925266785,-0.26975501963416865
only timetable,0.5335970894014004,-0.09090612275944676
only service,0.2581639182617073,-0.36633929389913983
only network,0.5046517819635657,-0.1198514301972814
only weather,0.27431233889692935,-0.3501908732639178
only infrastructure,0.47493472945212384,-0.1495684827087233
